No,studentID,password
1,23125001,12345678
2,23125002,12345678
3,23125003,12345678
4,23125004,12345678
5,23125005,12345678
6,23125006,12345678
7,23125007,12345678
8,23125008,12345678
9,23125009,12345678
10,23125010,12345678
11,23125011,12345678
12,23125012,12345678
13,23125013,12345678
14,23125014,12345678
15,23125015,12345678
16,23125016,12345678
17,23125017,12345678
18,23125018,12345678
19,23125019,12345678
20,23125020,12345678
21,23125021,12345678
22,23125022,12345678
23,23125023,12345678
24,23125026,12345678
25,23125027,12345678
26,23125028,12345678
27,23125030,12345678
28,23125032,12345678
29,23125034,12345678
30,23125039,12345678
31,23125043,12345678
32,23125048,12345678
33,23125052,12345678
34,23125061,12345678
35,23125062,12345678
36,23125066,12345678
37,23125069,12345678
38,23125074,12345678
39,23125081,12345678
40,23125087,12345678
41,23125090,12345678
42,23125091,12345678
43,23125093,12345678
